"Index","Status","Attempts","Seconds","Question","Answer"
"1","ok","1","8,43","Can I claim the warranty for a jacket after 45 days?","Yes, you can claim the warranty for your jacket after 45 days as all products are covered by a 2-year warranty against manufacturing defects. If your jacket has a manufacturing defect, it should be covered within this period. Please check the specific procedure for initiating a warranty claim, or let me know if you need help with that."
"2","ok","1","7,93","How much extra is express shipping for a vacuum cleaner?","Express shipping for the vacuum cleaner has an extra cost of $9.99. Standard shipping takes 3 to 5 business days, while express shipping delivers within 24 to 48 hours."
"3","ok","1","8,02","My a jacket stopped working after 3 days, is it covered?","Your jacket should be covered under our warranty, which lasts for 2 years and covers manufacturing defects. Since the issue appeared after just 3 days, it is likely covered.   If you wish, I can guide you on how to start a warranty claim or connect you to a human agent for further assistance."
"4","ok","1","8,26","My a tablet is defective, what are my warranty options?","Your tablet is covered under a 2-year warranty against manufacturing defects. This means if the defect is due to manufacturing issues, you can claim warranty support within that period. For next steps in making a warranty claim or repair, I can assist you further or connect you to a specialist."
"5","ok","1","6,44","What is your return policy for a jacket?","You can return a jacket within 30 days of purchase. The return requires a receipt and the jacket must be in its original packaging."
"6","ok","1","7,48","Is a laptop still under warranty after 6 months?","Yes, a laptop that is 6 months old is still under warranty. The store provides a 2-year warranty against manufacturing defects. If your laptop has a manufacturing defect, it should be covered within this period. If you need to initiate a warranty claim or want more details on the process, please let me know!"
"7","ok","1","8,32","I want to exchange a backpack for a different size, how does that work?","You can return items, such as your backpack, within 30 days of purchase as long as you have the receipt and the item is in its original packaging. The policy mentions returns but does not specifically detail the exchange process.   I recommend initiating a return within this period and then purchasing the different size you want. If you want, I can connect you to a human agent for more details on exchanges."
"8","ok","1","7,22","My a jacket stopped working after 18 months, is it covered?","Yes, your jacket should be covered under the 2-year warranty for manufacturing defects, as it stopped working after 18 months. The warranty covers such issues within the 2-year period. If you want to proceed, you can initiate a warranty claim for repair or replacement."
"9","ok","1","7,5","Can I return sunglasses without the original packaging?","You cannot return sunglasses without the original packaging. Returns are accepted only within 30 days of purchase and must include a receipt and the original packaging."
"10","ok","1","7,02","Does a jacket have a guarantee against defects?","Yes, the jacket comes with a 2-year warranty against manufacturing defects. This warranty covers any defects due to manufacturing issues within that period. If you need to make a warranty claim, please let me know, and I can guide you through the process."
"11","ok","1","7,48","My a desk lamp stopped working after two weeks, is it covered?","Your desk lamp is covered under the 2-year warranty for manufacturing defects, as it stopped working after two weeks. You can claim a warranty for repair or replacement within this coverage period. If you'd like, I can guide you on how to initiate a warranty claim."
"12","ok","1","7,55","I want to exchange a desk lamp for a different size, how does that work?","You can return the desk lamp within 30 days of purchase, provided you have the receipt and the item is in its original packaging. The policy mentions returns but does not specify the exchange process directly. I recommend starting by returning the item following these conditions, then you can purchase the different size you want. If you need further assistance with the exchange process, I can connect you with a human agent. Would you like that?"
